ID,Name,Hex,Red,Green,Blue
1,Absolute zero,#0048BA,0,72,186
2,Acid green,#B0BF1A,176,191,26
3,Adobe,#BD6C48,189,108,72
4,Aero,#7CB9E8,124,185,232
5,Aero blue,#C9FFE5,201,255,229
6,African violet,#B284BE,178,132,190
7,Air Force blue (RAF),#5D8AA8,93,138,168
8,Air Force blue (USAF),#00308F,0,48,143
9,Air superiority blue,#72A0C1,114,160,193
10,Alabama crimson,#AF002A,175,0,42
11,Alabaster,#F2F0E6,242,240,230
12,Algae,#54AC68,84,172,104
13,Algae green,#21C36F,33,195,111
14,Alice blue,#F0F8FF,240,248,255
15,Alien Armpit,#84DE02,132,222,2
16,Alizarin crimson,#E32636,227,38,54
17,Alloy orange,#C46210,196,98,16
18,Almond,#EFDECD,239,222,205
19,Almost black,#070D0D,7,13,13
20,Amaranth,#E52B50,229,43,80
21,Amaranth deep purple,#9F2B68,159,43,104
22,Amaranth pink,#F19CBB,241,156,187
23,Amaranth purple,#AB274F,171,39,79
24,Amaranth red,#D3212D,211,33,45
25,Amazon,#3B7A57,59,122,87
26,Amazonite,#00C4B0,0,196,176
27,Amber,#FFBF00,255,191,0
28,Amber (SAE/ECE),#FF7E00,255,126,0
29,American rose,#FF033E,255,3,62
30,Amethyst,#9966CC,153,102,204
31,Android green,#A4C639,164,198,57
32,Anti-flash white,#F2F3F4,242,243,244
33,Antique brass,#CD9575,205,149,117
34,Antique bronze,#665D1E,102,93,30
35,Antique fuchsia,#915C83,145,92,131
36,Antique ruby,#841B2D,132,27,45
37,Antique white,#FAEBD7,250,235,215
38,Ao (English),#008000,0,128,0
39,Apple green,#8DB600,141,182,0
40,Apricot,#FBCEB1,251,206,177
41,Aqua,#00FFFF,0,255,255
42,Aqua blue,#02D8E9,2,216,233
43,Aqua green,#12E193,18,225,147
44,Aqua marine,#2EE8BB,46,232,187
45,Aquamarine,#7FFFD4,127,255,212
46,Arctic lime,#D0FF14,208,255,20
47,Army green,#4B5320,75,83,32
48,Arsenic,#3B444B,59,68,75
49,Artichoke,#8F9779,143,151,121
50,Arylide yellow,#E9D66B,233,214,107
51,Ash grey,#B2BEB5,178,190,181
52,Asparagus,#87A96B,135,169,107
53,Atomic tangerine,#FF9966,255,153,102
54,Aubergine,#3D0734,61,7,52
55,Auburn,#A52A2A,165,42,42
56,Aureolin,#FDEE00,253,238,0
57,AuroMetalSaurus,#6E7F80,110,127,128
58,Avocado,#568203,86,130,3
59,Avocado green,#87A922,135,169,34
60,Awesome,#FF2052,255,32,82
61,Aztec Gold,#C39953,195,153,83
62,Azure,#007FFF,0,127,255
63,Azure (web color),#F0FFFF,240,255,255
64,Azureish white,#DBE9F4,219,233,244
65,B'dazzled blue,#2E5894,46,88,148
66,Baby blue,#89CFF0,137,207,240
67,Baby blue eyes,#A1CAF1,161,202,241
68,Baby green,#8CFF9E,140,255,158
69,Baby pink,#F4C2C2,244,194,194
70,Baby poo,#AB9004,171,144,4
71,Baby poop,#937C00,147,124,0
72,Baby poop green,#8F9805,143,152,5
73,Baby powder,#FEFEFA,254,254,250
74,Baby puke green,#B6C406,182,196,6
75,Baby purple,#CA9BF7,202,155,247
76,Baby shit brown,#AD900D,173,144,13
77,Baby shit green,#889717,136,151,23
78,Baker-Miller pink,#FF91AF,255,145,175
79,Ball blue,#21ABCD,33,171,205
80,Banana Mania,#FAE7B5,250,231,181
81,Banana yellow,#FFE135,255,225,53
82,Bangladesh green,#006A4E,0,106,78
83,Barbie pink,#E0218A,224,33,138
84,Barf green,#94AC02,148,172,2
85,Barn red,#7C0A02,124,10,2
86,Barney,#AC1DB8,172,29,184
87,Barney purple,#A00498,160,4,152
88,Battery Charged Blue,#1DACD6,29,172,214
89,Battleship grey,#848482,132,132,130
90,Bazaar,#98777B,152,119,123
91,Beau blue,#BCD4E6,188,212,230
92,Beaver,#9F8170,159,129,112
93,Begonia,#FA6E79,250,110,121
94,Beige,#F5F5DC,245,245,220
95,Big Foot Feet,#E88E5A,232,142,90
96,Big dip o’ruby,#9C2542,156,37,66
97,Bile,#B5C306,181,195,6
98,Bisque,#FFE4C4,255,228,196
99,Bistre,#3D2B1F,61,43,31
100,Bistre brown,#967117,150,113,23
101,Bitter lemon,#CAE00D,202,224,13
102,Bitter lime,#BFFF00,191,255,0
103,Bittersweet,#FE6F5E,254,111,94
104,Bittersweet shimmer,#BF4F51,191,79,81
105,Black,#000000,0,0,0
106,Black Coral,#54626F,84,98,111
107,Black Shadows,#BFAFB2,191,175,178
108,Black bean,#3D0C02,61,12,2
109,Black leather jacket,#253529,37,53,41
110,Black olive,#3B3C36,59,60,54
111,Blanched almond,#FFEBCD,255,235,205
112,Bland,#AFA88B,175,168,139
113,Blast-off bronze,#A57164,165,113,100
114,Bleu de France,#318CE7,49,140,231
115,Blizzard Blue,#ACE5EE,172,229,238
116,Blond,#FAF0BE,250,240,190
117,Blood,#770001,119,0,1
118,Blood orange,#FE4B03,254,75,3
119,Blood red,#980002,152,0,2
120,Blue,#0000FF,0,0,255
121,Blue (Crayola),#1F75FE,31,117,254
122,Blue (Munsell),#0093AF,0,147,175
123,Blue (NCS),#0087BD,0,135,189
124,Blue (Pantone),#0018A8,0,24,168
125,Blue (RYB),#0247FE,2,71,254
126,Blue (pigment),#333399,51,51,153
127,Blue Bell,#A2A2D0,162,162,208
128,Blue Bolt,#00B9FB,0,185,251
129,Blue Jeans,#5DADEC,93,173,236
130,Blue blue,#2242C7,34,66,199
131,Blue grey,#607C8E,96,124,142
132,Blue sapphire,#126180,18,97,128
133,Blue violet,#5D06E9,93,6,233
134,Blue with a hint of purple,#533CC6,83,60,198
135,Blue yonder,#5072A7,80,114,167
136,Blue-gray,#6699CC,102,153,204
137,Blue-green,#0D98BA,13,152,186
138,Blue-magenta violet,#553592,85,53,146
139,Blue-violet,#8A2BE2,138,43,226
140,Blueberry,#4F86F7,79,134,247
141,Bluebonnet,#1C1CF0,28,28,240
142,Bluegreen,#017A79,1,122,121
143,Bluegrey,#85A3B2,133,163,178
144,Bluey green,#2BB179,43,177,121
145,Bluey grey,#89A0B0,137,160,176
146,Bluey purple,#6241C7,98,65,199
147,Bluish,#2976BB,41,118,187
148,Bluish green,#10A674,16,166,116
149,Bluish grey,#748B97,116,139,151
150,Bluish purple,#703BE7,112,59,231
151,Blurple,#5539CC,85,57,204
152,Blush,#DE5D83,222,93,131
153,Blush pink,#FE828C,254,130,140
154,Bole,#79443B,121,68,59
155,Bondi blue,#0095B6,0,149,182
156,Bone,#E3DAC9,227,218,201
157,Booger Buster,#DDE26A,221,226,106
158,Booger green,#96B403,150,180,3
159,Bordeaux,#7B002C,123,0,44
160,Boring green,#63B365,99,179,101
161,Boston University Red,#CC0000,204,0,0
162,Bottle green,#044A05,4,74,5
163,Boysenberry,#873260,135,50,96
164,Brandeis blue,#0070FF,0,112,255
165,Brass,#B5A642,181,166,66
166,Brick orange,#C14A09,193,74,9
167,Brick red,#CB4154,203,65,84
168,Bright Yellow (Crayola),#FFAA1D,255,170,29
169,Bright aqua,#0BF9EA,11,249,234
170,Bright blue,#0165FC,1,101,252
171,Bright cyan,#41FDFE,65,253,254
172,Bright green,#66FF00,102,255,0
173,Bright lavender,#BF94E4,191,148,228
174,Bright light blue,#26F7FD,38,247,253
175,Bright light green,#2DFE54,45,254,84
176,Bright lilac,#D891EF,216,145,239
177,Bright lime,#87FD05,135,253,5
178,Bright lime green,#65FE08,101,254,8
179,Bright magenta,#FF08E8,255,8,232
180,Bright maroon,#C32148,195,33,72
181,Bright navy blue,#1974D2,25,116,210
182,Bright olive,#9CBB04,156,187,4
183,Bright orange,#FF5B00,255,91,0
184,Bright pink,#FF007F,255,0,127
185,Bright purple,#BE03FD,190,3,253
186,Bright red,#FF000D,255,0,13
187,Bright sea green,#05FFA6,5,255,166
188,Bright sky blue,#02CCFE,2,204,254
189,Bright teal,#01F9C6,1,249,198
190,Bright turquoise,#08E8DE,8,232,222
191,Bright ube,#D19FE8,209,159,232
192,Bright violet,#AD0AFD,173,10,253
193,Bright yellow green,#9DFF00,157,255,0
194,Brilliant azure,#3399FF,51,153,255
195,Brilliant lavender,#F4BBFF,244,187,255
196,Brilliant rose,#FF55A3,255,85,163
197,Brink pink,#FB607F,251,96,127
198,British racing green,#004225,0,66,37
199,Bronze,#CD7F32,205,127,50
200,Bronze Yellow,#737000,115,112,0
201,Brown (traditional),#964B00,150,75,0
202,Brown Sugar,#AF6E4D,175,110,77
203,Brown Yellow,#cc9966,204,153,102
204,Brown green,#706C11,112,108,17
205,Brown grey,#8D8468,141,132,104
206,Brown orange,#B96902,185,105,2
207,Brown red,#922B05,146,43,5
208,Brown-nose,#6B4423,107,68,35
209,Brownish,#9C6D57,156,109,87
210,Brownish green,#6A6E09,106,110,9
211,Brownish grey,#86775F,134,119,95
212,Brownish orange,#CB7723,203,119,35
213,Brownish pink,#C27E79,194,126,121
214,Brownish purple,#76424E,118,66,78
215,Brownish red,#9E3623,158,54,35
216,Brownish yellow,#C9B003,201,176,3
217,Browny green,#6F6C0A,111,108,10
218,Browny orange,#CA6B02,202,107,2
219,Bruise,#7E4071,126,64,113
220,Brunswick green,#1B4D3E,27,77,62
221,Bubble gum,#FFC1CC,255,193,204
222,Bubble gum pink,#FF69AF,255,105,175
223,Bubblegum,#FF6CB5,255,108,181
224,Bubblegum pink,#FE83CC,254,131,204
225,Bubbles,#E7FEFF,231,254,255
226,Bud green,#7BB661,123,182,97
227,Buff,#F0DC82,240,220,130
228,Bulgarian rose,#480607,72,6,7
229,Burgundy,#800020,128,0,32
230,Burlywood,#DEB887,222,184,135
231,Burnished Brown,#A17A74,161,122,116
232,Burnt orange,#CC5500,204,85,0
233,Burnt red,#9F2305,159,35,5
234,Burnt siena,#B75203,183,82,3
235,Burnt sienna,#E97451,233,116,81
236,Burnt umber,#8A3324,138,51,36
237,Burnt yellow,#D5AB09,213,171,9
238,Burple,#6832E3,104,50,227
239,Butter,#FFFF81,255,255,129
240,Butter yellow,#FFFD74,255,253,116
241,Butterscotch,#FDB147,253,177,71
242,Byzantine,#BD33A4,189,51,164
243,Byzantium,#702963,112,41,99
244,CG Blue,#007AA5,0,122,165
245,CG Red,#E03C31,224,60,49
246,Cadet,#536872,83,104,114
247,Cadet blue,#5F9EA0,95,158,160
248,Cadet grey,#91A3B0,145,163,176
249,Cadmium green,#006B3C,0,107,60
250,Cadmium orange,#ED872D,237,135,45
251,Cadmium red,#E30022,227,0,34
252,Cadmium yellow,#FFF600,255,246,0
253,Café au lait,#A67B5B,166,123,91
254,Café noir,#4B3621,75,54,33
255,Cal Poly Pomona green,#1E4D2B,30,77,43
256,Cambridge Blue,#A3C1AD,163,193,173
257,Camel,#C19A6B,193,154,107
258,Cameo pink,#EFBBCC,239,187,204
259,Camo green,#526525,82,101,37
260,Camouflage green,#78866B,120,134,107
261,Canary,#FFFF99,255,255,153
262,Canary yellow,#FFEF00,255,239,0
263,Candy apple red,#FF0800,255,8,0
264,Candy pink,#E4717A,228,113,122
265,Capri,#00BFFF,0,191,255
266,Caput mortuum,#592720,89,39,32
267,Caramel,#AF6F09,175,111,9
268,Cardinal,#C41E3A,196,30,58
269,Caribbean green,#00CC99,0,204,153
270,Carmine,#960018,150,0,24
271,Carmine (M&P),#D70040,215,0,64
272,Carmine pink,#EB4C42,235,76,66
273,Carmine red,#FF0038,255,0,56
274,Carnation pink,#FFA6C9,255,166,201
275,Carnelian,#B31B1B,179,27,27
276,Carolina blue,#56A0D3,86,160,211
277,Carrot orange,#ED9121,237,145,33
278,Castleton green,#00563F,0,86,63
279,Catalina blue,#062A78,6,42,120
280,Catawba,#703642,112,54,66
281,Cedar Chest,#C95A49,201,90,73
282,Ceil,#92A1CF,146,161,207
283,Celadon,#ACE1AF,172,225,175
284,Celadon blue,#007BA7,0,123,167
285,Celadon green,#2F847C,47,132,124
286,Celery,#C1FD95,193,253,149
287,Celeste,#B2FFFF,178,255,255
288,Celestial blue,#4997D0,73,151,208
289,Cement,#A5A391,165,163,145
290,Cerise,#DE3163,222,49,99
291,Cerise pink,#EC3B83,236,59,131
292,Cerulean blue,#2A52BE,42,82,190
293,Cerulean frost,#6D9BC3,109,155,195
294,Chamoisee,#A0785A,160,120,90
295,Champagne,#F7E7CE,247,231,206
296,Champagne pink,#F1DDCF,241,221,207
297,Charcoal,#36454F,54,69,79
298,Charcoal grey,#3C4142,60,65,66
299,Charleston green,#232B2B,35,43,43
300,Charm pink,#E68FAC,230,143,172
301,Chartreuse (traditional),#DFFF00,223,255,0
302,Chartreuse (web),#7FFF00,127,255,0
303,Cherry blossom pink,#FFB7C5,255,183,197
304,Cherry red,#F7022A,247,2,42
305,Chestnut,#954535,149,69,53
306,China pink,#DE6FA1,222,111,161
307,China rose,#A8516E,168,81,110
308,Chinese red,#AA381E,170,56,30
309,Chinese violet,#856088,133,96,136
310,Chlorophyll green,#4AFF00,74,255,0
311,Chocolate (traditional),#7B3F00,123,63,0
312,Chocolate (web),#D2691E,210,105,30
313,Chocolate brown,#411900,65,25,0
314,Chrome yellow,#FFA700,255,167,0
315,Cinereous,#98817B,152,129,123
316,Cinnabar,#E34234,227,66,52
317,Cinnamon Satin,#CD607E,205,96,126
318,Citrine,#E4D00A,228,208,10
319,Citron,#9FA91F,158,169,31
320,Claret,#7F1734,127,23,52
321,Classic rose,#FBCCE7,251,204,231
322,Clay,#B66A50,182,106,80
323,Clay brown,#B2713D,178,113,61
324,Clear blue,#247AFD,36,122,253
325,Cloudy blue,#ACC2D9,172,194,217
326,Cobalt Blue,#0047AB,0,71,171
327,Cocoa,#875F42,135,95,66
328,Coconut,#965A3E,150,90,62
329,Coffee,#6F4E37,111,78,55
330,Columbia Blue,#C4D8E2,196,216,226
331,Congo pink,#F88379,248,131,121
332,Cool Black,#002E63,0,46,99
333,Cool blue,#4984B8,73,132,184
334,Cool green,#33B864,51,184,100
335,Cool grey,#8C92AC,140,146,172
336,Copper,#B87333,184,115,51
337,Copper (Crayola),#DA8A67,218,138,103
338,Copper penny,#AD6F69,173,111,105
339,Copper red,#CB6D51,203,109,81
340,Copper rose,#996666,153,102,102
341,Coquelicot,#FF3800,255,56,0
342,Coral,#FF7F50,255,127,80
343,Coral Reef,#FD7C6E,253,124,110
344,Coral pink,#FF6163,255,97,99
345,Coral red,#FF4040,255,64,64
346,Cordovan,#893F45,137,63,69
347,Corn,#FBEC5D,251,236,93
348,Cornflower blue,#6495ED,100,149,237
349,Cornsilk,#FFF8DC,255,248,220
350,Cosmic Cobalt,#2E2D88,46,45,136
351,Cosmic latte,#FFF8E7,255,248,231
352,Cotton candy,#FFBCD9,255,188,217
353,Coyote brown,#81613C,129,97,60
354,Cranberry,#9E003A,158,0,58
355,Cream,#FFFDD0,255,253,208
356,Creme,#FFFFB6,255,255,182
357,Crimson,#DC143C,220,20,60
358,Crimson glory,#BE0032,190,0,50
359,Crimson red,#990000,153,0,0
360,Cultured,#F5F5F5,245,245,245
361,Custard,#FFFD78,255,253,120
362,Cyan (process),#00B7EB,0,183,235
363,Cyan azure,#4E82B4,78,130,180
364,Cyan cobalt blue,#28589C,40,88,156
365,Cyan cornflower blue,#188BC2,24,139,194
366,Cyan-blue azure,#4682BF,70,130,191
367,Cyber grape,#58427C,88,66,124
368,Cyber yellow,#FFD300,255,211,0
369,Cyclamen,#F56FA1,245,111,161
370,Daffodil,#FFFF31,255,255,49
371,Dandelion,#F0E130,240,225,48
372,Dark aqua,#05696B,5,105,107
373,Dark aquamarine,#017371,1,115,113
374,Dark beige,#AC9362,172,147,98
375,Dark blue,#00008B,0,0,139
376,Dark blue green,#005249,0,82,73
377,Dark blue grey,#1F3B4D,31,59,77
378,Dark blue-gray,#666699,102,102,153
379,Dark brown,#654321,101,67,33
380,Dark brown-tangelo,#88654E,136,101,78
381,Dark byzantium,#5D3954,93,57,84
382,Dark candy apple red,#A40000,164,0,0
383,Dark cerulean,#08457E,8,69,126
384,Dark chestnut,#986960,152,105,96
385,Dark coral,#CD5B45,205,91,69
386,Dark cream,#FFF39A,255,243,154
387,Dark cyan,#008B8B,0,139,139
388,Dark electric blue,#536878,83,104,120
389,Dark forest green,#002D04,0,45,4
390,Dark fuchsia,#9D0759,157,7,89
391,Dark goldenrod,#B8860B,184,134,11
392,Dark grass green,#388004,56,128,4
393,Dark gray (X11),#A9A9A9,169,169,169
394,Dark green,#013220,1,50,32
395,Dark green (X11),#006400,0,100,0
396,Dark green blue,#1F6357,31,99,87
397,Dark grey,#363737,54,55,55
398,Dark grey blue,#29465B,41,70,91
399,Dark gunmetal,#1F262A,31,38,42
400,Dark hot pink,#D90166,217,1,102
401,Dark imperial blue,#00147E,0,20,126
402,Dark imperial blue,#00416A,0,65,106
403,Dark indigo,#1F0954,31,9,84
404,Dark jungle green,#1A2421,26,36,33
405,Dark khaki,#BDB76B,189,183,107
406,Dark lava,#483C32,72,60,50
407,Dark lavender,#734F96,115,79,150
408,Dark lilac,#9C6DA5,156,109,165
409,Dark lime,#84B701,132,183,1
410,Dark lime green,#7EBD01,126,189,1
411,Dark liver,#534B4F,83,75,79
412,Dark liver (horses),#543D37,84,61,55
413,Dark magenta,#8B008B,139,0,139
414,Dark maroon,#3C0008,60,0,8
415,Dark mauve,#874C62,135,76,98
416,Dark midnight blue,#003366,0,51,102
417,Dark mint,#48C072,72,192,114
418,Dark mint green,#20C073,32,192,115
419,Dark moss green,#4A5D23,74,93,35
420,Dark mustard,#A88905,168,137,5
421,Dark navy,#000435,0,4,53
422,Dark navy blue,#00022E,0,2,46
423,Dark olive green,#556B2F,85,107,47
424,Dark orange,#FF8C00,255,140,0
425,Dark orchid,#9932CC,153,50,204
426,Dark pastel blue,#779ECB,119,158,203
427,Dark pastel green,#03C03C,3,192,60
428,Dark pastel purple,#966FD6,150,111,214
429,Dark pastel red,#C23B22,194,59,34
430,Dark peach,#DE7E5D,222,126,93
431,Dark periwinkle,#665FD1,102,95,209
432,Dark pink,#E75480,231,84,128
433,Dark plum,#3F012C,63,1,44
434,Dark powder blue,#003399,0,51,153
435,Dark puce,#4F3A3C,79,58,60
436,Dark purple,#301934,48,25,52
437,Dark raspberry,#872657,135,38,87
438,Dark red,#8B0000,139,0,0
439,Dark rose,#B5485D,181,72,93
440,Dark royal blue,#02066F,2,6,111
441,Dark sage,#598556,89,133,86
442,Dark salmon,#E9967A,233,150,122
443,Dark sand,#A88F59,168,143,89
444,Dark scarlet,#560319,86,3,25
445,Dark sea green,#8FBC8F,143,188,143
446,Dark seafoam,#1FB57A,31,181,122
447,Dark seafoam green,#3EAF76,62,175,118
448,Dark sienna,#3C1414,60,20,20
449,Dark sky blue,#8CBED6,140,190,214
450,Dark slate blue,#483D8B,72,61,139
451,Dark slate gray,#2F4F4F,47,79,79
452,Dark spring green,#177245,23,114,69
453,Dark tan,#918151,145,129,81
454,Dark tangerine,#FFA812,255,168,18
455,Dark taupe,#7F684E,127,104,78
456,Dark teal,#014D4E,1,77,78
457,Dark terra cotta,#CC4E5C,204,78,92
458,Dark turquoise,#00CED1,0,206,209
459,Dark vanilla,#D1BEA8,209,190,168
460,Dark violet,#9400D3,148,0,211
461,Dark yellow,#9B870C,155,135,12
462,Dark yellow green,#728F02,114,143,2
463,Darkblue,#030764,3,7,100
464,Darkgreen,#054907,5,73,7
465,Darkish blue,#014182,1,65,130
466,Darkish green,#287C37,40,124,55
467,Darkish pink,#DA467D,218,70,125
468,Darkish purple,#751973,117,25,115
469,Darkish red,#A90308,169,3,8
470,Dartmouth green,#00703C,0,112,60
471,Davy's grey,#555555,85,85,85
472,Debian red,#D70A53,215,10,83
473,Deep Green,#056608,5,102,8
474,Deep Red,#850101,133,1,1
475,Deep Space Sparkle,#4A646C,74,100,108
476,Deep Taupe,#7E5E60,126,94,96
477,Deep Tuscan red,#66424D,102,66,77
478,Deep aquamarine,#40826D,64,130,109
479,Deep blue,#040273,4,2,115
480,Deep brown,#410200,65,2,0
481,Deep carmine,#A9203E,169,32,62
482,Deep carmine pink,#EF3038,239,48,56
483,Deep carrot orange,#E9692C,233,105,44
484,Deep cerise,#DA3287,218,50,135
485,Deep champagne,#FAD6A5,250,214,165
486,Deep chestnut,#B94E48,185,78,72
487,Deep coffee,#704241,112,66,65
488,Deep fuchsia,#C154C1,193,84,193
489,Deep green-cyan turquoise,#0E7C61,14,124,97
490,Deep jungle green,#004B49,0,75,73
491,Deep koamaru,#333366,51,51,102
492,Deep lavender,#8D5EB7,141,94,183
493,Deep lemon,#F5C71A,245,199,26
494,Deep lilac,#9955BB,153,85,187
495,Deep magenta,#CC00CC,204,0,204
496,Deep maroon,#820000,130,0,0
497,Deep mauve,#D473D4,212,115,212
498,Deep moss green,#355E3B,53,94,59
499,Deep orange,#DC4D01,220,77,1
500,Deep peach,#FFCBA4,255,203,164
501,Deep pink,#FF1493,255,20,147
502,Deep puce,#A95C68,169,92,104
503,Deep rose,#C74767,199,71,103
504,Deep ruby,#843F5B,132,63,91
505,Deep saffron,#FF9933,255,153,51
506,Deep sea blue,#015482,1,84,130
507,Deep sky blue,#0D75F8,13,117,248
508,Deep teal,#00555A,0,85,90
509,Deep turquoise,#017374,1,115,116
510,Deep violet,#330066,51,0,102
511,Deer,#BA8759,186,135,89
512,Denim,#1560BD,21,96,189
513,Denim Blue,#2243B6,34,67,182
514,Desaturated cyan,#669999,102,153,153
515,Desert sand,#EDC9AF,237,201,175
516,Desire,#EA3C53,234,60,83
517,Diamond,#B9F2FF,185,242,255
518,Diarrhea,#9F8303,159,131,3
519,Dim gray,#696969,105,105,105
520,Dingy Dungeon,#C53151,197,49,81
521,Dirt,#9B7653,155,118,83
522,Dirt brown,#836539,131,101,57
523,Dirty blue,#3F829D,63,130,157
524,Dirty green,#667E2C,102,126,44
525,Dirty orange,#C87606,200,118,6
526,Dirty pink,#CA7B80,202,123,128
527,Dirty purple,#734A65,115,74,101
528,Dirty yellow,#CDC50A,205,197,10
529,Dodger blue,#1E90FF,30,144,255
530,Dogwood rose,#D71868,215,24,104
531,Dollar bill,#85BB65,133,187,101
532,Dolphin Gray,#828E84,130,142,132
533,Donkey brown,#664C28,102,76,40
534,Drab green,#749551,116,149,81
535,Dried blood,#4B0101,75,1,1
536,Duck egg blue,#C3FBF4,195,251,244
537,Duke blue,#00009C,0,0,156
538,Dull blue,#49759C,73,117,156
539,Dull brown,#876E4B,135,110,75
540,Dull green,#74A662,116,166,98
541,Dull orange,#D8863B,216,134,59
542,Dull pink,#D5869D,213,134,157
543,Dull purple,#84597E,132,89,126
544,Dull red,#BB3F3F,187,63,63
545,Dull teal,#5F9E8F,95,158,143
546,Dull yellow,#EEDC5B,238,220,91
547,Dusk,#4E5481,78,84,129
548,Dusk blue,#26538D,38,83,141
549,Dusky blue,#475F94,71,95,148
550,Dusky pink,#CC7A8B,204,122,139
551,Dusky purple,#895B7B,137,91,123
552,Dusky rose,#BA6873,186,104,115
553,Dust storm,#E5CCC9,229,204,201
554,Dusty blue,#5A86AD,90,134,173
555,Dusty green,#76A973,118,169,115
556,Dusty lavender,#AC86A8,172,134,168
557,Dusty orange,#F0833A,240,131,58
558,Dusty pink,#D58A94,213,138,148
559,Dusty purple,#825F87,130,95,135
560,Dusty red,#B9484E,185,72,78
561,Dusty rose,#C0737A,192,115,122
562,Dusty teal,#4C9085,76,144,133
563,Dutch white,#EFDFBB,239,223,187
564,Earth yellow,#E1A95F,225,169,95
565,Easter green,#8CFD7E,140,253,126
566,Easter purple,#C071FE,192,113,254
567,Ebony,#555D50,85,93,80
568,Ecru,#C2B280,194,178,128
569,Eerie black,#1B1B1B,27,27,27
570,Egg shell,#FFFCC4,255,252,196
571,Eggplant,#614051,97,64,81
572,Eggplant purple,#430541,67,5,65
573,Eggshell,#F0EAD6,240,234,214
574,Eggshell blue,#C4FFF7,196,255,247
575,Egyptian blue,#1034A6,16,52,166
576,Electric blue,#7DF9FF,125,249,255
577,Electric crimson,#FF003F,255,0,63
578,Electric green,#00FF00,0,255,0
579,Electric indigo,#6F00FF,111,0,255
580,Electric lime,#CCFF00,204,255,0
581,Electric pink,#FF0490,255,4,144
582,Electric purple,#BF00FF,191,0,255
583,Electric ultramarine,#3F00FF,63,0,255
584,Electric violet,#8F00FF,143,0,255
585,Electric yellow,#FFFF33,255,255,51
586,Emerald,#50C878,80,200,120
587,Emerald green,#028F1E,2,143,30
588,Eminence,#6C3082,108,48,130
589,English lavender,#B48395,180,131,149
590,English red,#AB4B52,171,75,82
591,English vermillion,#CC474B,204,71,75
592,English violet,#563C5C,86,60,92
593,Eton blue,#96C8A2,150,200,162
594,Eucalyptus,#44D7A8,68,215,168
595,Evergreen,#05472A,5,71,42
596,Faded blue,#658CBB,101,140,187
597,Faded green,#7BB274,123,178,116
598,Faded orange,#F0944D,240,148,77
599,Faded pink,#DE9DAC,222,157,172
600,Faded purple,#916E99,145,110,153
601,Faded red,#D3494E,211,73,78
602,Faded yellow,#FEFF7F,254,255,127
603,Falu red,#801818,128,24,24
604,Fandango,#B53389,181,51,137
605,Fandango pink,#DE5285,222,82,133
606,Fashion fuchsia,#F400A1,244,0,161
607,Fawn,#E5AA70,229,170,112
608,Feldgrau,#4D5D53,77,93,83
609,Feldspar,#FDD5B1,253,213,177
610,Fern green,#4F7942,79,121,66
611,Ferrari Red,#FF2800,255,40,0
612,Field drab,#6C541E,108,84,30
613,Fiery Rose,#FF5470,255,84,112
614,Fire engine red,#CE2029,206,32,41
615,Firebrick,#B22222,178,34,34
616,Flame,#E25822,226,88,34
617,Flamingo pink,#FC8EAC,252,142,172
618,Flat blue,#3C73A8,60,115,168
619,Flat green,#699D4C,105,157,76
620,Flavescent,#F7E98E,247,233,142
621,Flax,#EEDC82,238,220,130
622,Flirt,#A2006D,162,0,109
623,Floral white,#FFFAF0,255,250,240
624,Fluorescent green,#08FF08,8,255,8
625,Fluro green,#0AFF02,10,255,2
626,Folly,#FF004F,255,0,79
627,Forest green (traditional),#014421,1,68,33
628,Forest green (web),#228B22,34,139,34
629,Forrest green,#154406,21,68,6
630,French bistre,#856D4D,133,109,77
631,French blue,#0072BB,0,114,187
632,French fuchsia,#FD3F92,253,63,146
633,French lilac,#86608E,134,96,142
634,French lime,#9EFD38,158,253,56
635,French pink,#FD6C9E,253,108,158
636,French plum,#811453,129,20,83
637,French puce,#4E1609,78,22,9
638,French raspberry,#C72C48,199,44,72
639,French rose,#F64A8A,246,74,138
640,French sky blue,#77B5FE,119,181,254
641,French violet,#8806CE,136,6,206
642,French wine,#AC1E44,172,30,68
643,Fresh Air,#A6E7FF,166,231,255
644,Fresh green,#69D84F,105,216,79
645,Frog green,#58BC08,88,188,8
646,Frostbite,#E936A7,233,54,167
647,Fuchsia,#FF00FF,255,0,255
648,Fuchsia pink,#FF77FF,255,119,255
649,Fuchsia purple,#CC397B,204,57,123
650,Fuchsia rose,#C74375,199,67,117
651,Fulvous,#E48400,228,132,0
652,Fuzzy Wuzzy,#CC6666,204,102,102
653,GO green,#00AB66,0,171,102
654,Gainsboro,#DCDCDC,220,220,220
655,Gamboge,#E49B0F,228,155,15
656,Gamboge orange (brown),#996600,152,102,0
657,Gargoyle Gas,#FFDF46,255,223,70
658,Generic viridian,#007F66,0,127,102
659,Ghost white,#F8F8FF,248,248,255
660,Giant's Club,#B05C52,176,92,82
661,Giants orange,#FE5A1D,254,90,29
662,Ginger,#B06500,176,101,0
663,Glaucous,#6082B6,96,130,182
664,Glitter,#E6E8FA,230,232,250
665,Glossy Grape,#AB92B3,171,146,179
666,Gold (metallic),#D4AF37,212,175,55
667,Gold (web) (Golden),#FFD700,255,215,0
668,Gold Fusion,#85754E,133,117,78
669,Golden brown,#996515,153,101,21
670,Golden poppy,#FCC200,252,194,0
671,Golden rod,#F9BC08,249,188,8
672,Golden yellow,#FFDF00,255,223,0
673,Goldenrod,#DAA520,218,165,32
674,Granite Gray,#676767,103,103,103
675,Granny Smith Apple,#A8E4A0,168,228,160
676,Grape,#6F2DA8,111,45,168
677,Grape purple,#5D1451,93,20,81
678,Grapefruit,#FD5956,253,89,86
679,Grass,#5CAC2D,92,172,45
680,Grass green,#3F9B0B,63,155,11
681,Grassy green,#419C03,65,156,3
682,Gray,#808080,128,128,128
683,Gray (X11 gray),#BEBEBE,190,190,190
684,Gray-asparagus,#465945,70,89,69
685,Green (Crayola),#1CAC78,28,172,120
686,Green (Munsell),#00A877,0,168,119
687,Green (NCS),#009F6B,0,159,107
688,Green (Pantone),#00AD43,0,173,67
689,Green (RYB),#66B032,102,176,50
690,Green (pigment),#00A550,0,165,80
691,Green Lizard,#A7F432,167,244,50
692,Green Sheen,#6EAEA1,110,174,161
693,Green apple,#5EDC1F,94,220,31
694,Green blue,#06B48B,6,180,139
695,Green brown,#544E03,84,78,3
696,Green grey,#77926F,119,146,111
697,Green teal,#0CB577,12,181,119
698,Green-blue,#1164B4,17,100,180
699,Green-cyan,#009966,0,153,102
700,Green-yellow,#ADFF2F,173,255,47
701,Greenblue,#23C48B,35,196,139
702,Greenish,#40A368,64,163,104
703,Greenish beige,#C9D179,201,209,121
704,Greenish blue,#0B8B87,11,139,135
705,Greenish brown,#696112,105,97,18
706,Greenish cyan,#2AFEB7,42,254,183
707,Greenish grey,#96AE8D,150,174,141
708,Greenish tan,#BCCB7A,188,203,122
709,Greenish teal,#32BF84,50,191,132
710,Greenish turquoise,#00FBB0,0,251,176
711,Greenish yellow,#CDFD02,205,253,2
712,Greeny blue,#42B395,66,179,149
713,Greeny brown,#696006,105,96,6
714,Greeny grey,#7EA07A,126,160,122
715,Greeny yellow,#C6F808,198,248,8
716,Grey blue,#6B8BA4,107,139,164
717,Grey brown,#7F7053,127,112,83
718,Grey green,#789B73,120,155,115
719,Grey pink,#C3909B,195,144,155
720,Grey purple,#826D8C,130,109,140
721,Grey teal,#5E9B8A,94,155,138
722,Greyblue,#77A1B5,119,161,181
723,Greyish,#A8A495,168,164,149
724,Greyish blue,#5E819D,94,129,157
725,Greyish brown,#7A6A4F,122,106,79
726,Greyish green,#82A67D,130,166,125
727,Greyish pink,#C88D94,200,141,148
728,Greyish purple,#887191,136,113,145
729,Greyish teal,#719F91,113,159,145
730,Grizzly,#885818,136,88,24
731,Gross green,#A0BF16,160,191,22
732,Grullo,#A99A86,169,154,134
733,Gunmetal,#2a3439,42,52,57
734,Guppie green,#00FF7F,0,255,127
735,Halayà úbe,#663854,102,55,84
736,Han blue,#446CCF,68,108,207
737,Han purple,#5218FA,82,24,250
738,Harlequin,#3FFF00,63,255,0
739,Harlequin green,#46CB18,70,203,24
740,Harvard crimson,#C90016,201,0,22
741,Harvest gold,#DA9100,218,145,0
742,Hazel,#8E7618,142,118,24
743,Heart Gold,#808000,128,128,0
744,Heat Wave,#FF7A00,255,122,0
745,Heather,#A484AC,164,132,172
746,Heliotrope,#DF73FF,223,115,255
747,Heliotrope gray,#AA98A9,170,152,168
748,Heliotrope magenta,#AA00BB,170,0,187
749,Highlighter green,#1BFC06,27,252,6
750,Honeydew,#F0FFF0,240,255,240
751,Honolulu blue,#006DB0,0,109,176
752,Hooker's green,#49796B,73,121,107
753,Hospital green,#9BE5AA,155,229,170
754,Hot green,#25FF29,37,255,41
755,Hot magenta,#FF1DCE,255,29,206
756,Hot pink,#FF69B4,255,105,180
757,Hot purple,#CB00F5,203,0,245
758,Hunter green,#0B4008,11,64,8
759,Iceberg,#71A6D2,113,166,210
760,Icky green,#8FAE22,143,174,34
761,Icterine,#FCF75E,252,247,94
762,Iguana Green,#71BC78,113,188,120
763,Illuminating Emerald,#319177,49,145,119
764,Imperial,#602F6B,96,47,107
765,Imperial blue,#002395,0,35,149
766,Imperial purple,#66023C,102,2,60
767,Imperial red,#ED2939,237,41,57
768,Inchworm,#B2EC5D,178,236,93
769,Independence,#4C516D,76,81,109
770,India green,#138808,19,136,8
771,Indian red,#CD5C5C,205,92,92
772,Indian yellow,#E3A857,227,168,87
773,Indigo,#4B0082,75,0,130
774,Indigo blue,#3A18B1,58,24,177
775,Indigo dye,#091F92,9,31,146
776,Infra Red,#FF496C,255,73,108
777,Interdimensional Blue,#360CCC,54,12,204
778,International Klein Blue,#002FA7,0,47,167
779,International orange (Golden Gate Bridge),#C0362C,192,54,44
780,International orange (aerospace),#FF4F00,255,79,0
781,International orange (engineering),#BA160C,186,22,12
782,Iris,#5A4FCF,90,79,207
783,Irish green,#019529,1,149,41
784,Irresistible,#B3446C,179,68,108
785,Isabelline,#F4F0EC,244,240,236
786,Islamic green,#009000,0,144,0
787,Ivory,#FFFFF0,255,255,240
788,Jade,#00A86B,0,168,107
789,Jade green,#2BAF6A,43,175,106
790,Japanese carmine,#9D2933,157,41,51
791,Japanese indigo,#264348,38,67,72
792,Japanese violet,#5B3256,91,50,86
793,Jasmine,#F8DE7E,248,222,126
794,Jasper,#D73B3E,215,59,62
795,Jazzberry jam,#A50B5E,165,11,94
796,Jelly Bean,#DA614E,218,97,78
797,Jet,#343434,52,52,52
798,Jonquil,#F4CA16,244,202,22
799,Jordy blue,#8AB9F1,138,185,241
800,June bud,#BDDA57,189,218,87
801,Jungle green,#29AB87,41,171,135
802,KSU Purple,#512888,79,38,131
803,KU Crimson,#E8000D,232,0,13
804,Kelley green,#009337,0,147,55
805,Kelly green,#4CBB17,76,187,23
806,Kenyan copper,#7C1C05,124,28,5
807,Keppel,#3AB09E,58,176,158
808,Kermit green,#5CB200,92,178,0
809,Key Lime,#E8F48C,232,244,140
810,Khaki (HTML/CSS) (Khaki),#C3B091,195,176,145
811,Khaki (X11) (Light khaki),#F0E68C,240,230,140
812,Khaki green,#728639,114,134,57
813,Kiwi,#8EE53F,142,229,63
814,Kobe,#882D17,136,45,23
815,Kobi,#E79FC4,231,159,196
816,Kombu green,#354230,53,66,48
817,La Salle Green,#087830,8,120,48
818,Languid lavender,#D6CADD,214,202,221
819,Lapis lazuli,#26619C,38,97,156
820,Laser Lemon,#FFFF66,255,255,102
821,Laurel green,#A9BA9D,169,186,157
822,Lava,#CF1020,207,16,32
823,Lavender (floral),#B57EDC,181,126,220
824,Lavender (web),#E6E6FA,230,230,250
825,Lavender blue,#CCCCFF,204,204,255
826,Lavender blush,#FFF0F5,255,240,245
827,Lavender gray,#C4C3D0,196,195,208
828,Lavender indigo,#9457EB,148,87,235
829,Lavender magenta,#EE82EE,238,130,238
830,Lavender pink,#FBAED2,251,174,210
831,Lavender purple,#967BB6,150,123,182
832,Lavender rose,#FBA0E3,251,160,227
833,Lawn green,#7CFC00,124,252,0
834,Leaf green,#5CA904,92,169,4
835,Leafy green,#51B73B,81,183,59
836,Lemon,#FFF700,255,247,0
837,Lemon chiffon,#FFFACD,255,250,205
838,Lemon curry,#CCA01D,204,160,29
839,Lemon glacier,#FDFF00,253,255,0
840,Lemon green,#ADF802,173,248,2
841,Lemon lime,#E3FF00,227,255,0
842,Lemon meringue,#F6EABE,246,234,190
843,Lemon yellow,#FFF44F,255,244,79
844,Liberty,#545AA7,84,90,167
845,Lichen,#8FB67B,143,182,123
846,Licorice,#1A1110,26,17,16
847,Light French beige,#C8AD7F,200,173,127
848,Light aqua,#8CFFDB,140,255,219
849,Light aquamarine,#7BFDC7,123,253,199
850,Light beige,#FFFEB6,255,254,182
851,Light blue,#ADD8E6,173,216,230
852,Light blue green,#7EFBB3,126,251,179
853,Light blue grey,#B7C9E2,183,201,226
854,Light bluish green,#76FDA8,118,253,168
855,Light bright green,#53FE5C,83,254,92
856,Light brown,#B5651D,181,101,29
857,Light burgundy,#A8415B,168,65,91
858,Light carmine pink,#E66771,230,103,113
859,Light cobalt blue,#88ACE0,136,172,224
860,Light coral,#F08080,240,128,128
861,Light cornflower blue,#93CCEA,147,204,234
862,Light crimson,#F56991,245,105,145
863,Light cyan,#E0FFFF,224,255,255
864,Light deep pink,#FF5CCD,255,92,205
865,Light eggplant,#894585,137,69,133
866,Light forest green,#4F9153,79,145,83
867,Light fuchsia pink,#F984EF,249,132,239
868,Light goldenrod yellow,#FAFAD2,250,250,210
869,Light grass green,#9AF764,154,247,100
870,Light gray,#D3D3D3,211,211,211
871,Light grayish magenta,#CC99CC,204,153,204
872,Light green,#90EE90,144,238,144
873,Light green blue,#56FCA2,86,252,162
874,Light greenish blue,#63F7B4,99,247,180
875,Light grey,#D8DCD6,216,220,214
876,Light grey blue,#9DBCD4,157,188,212
877,Light grey green,#B7E1A1,183,225,161
878,Light hot pink,#FFB3DE,255,179,222
879,Light indigo,#6D5ACF,109,90,207
880,Light lavendar,#EFC0FE,239,192,254
881,Light light blue,#CAFFFB,202,255,251
882,Light light green,#C8FFB0,200,255,176
883,Light lilac,#EDC8FF,237,200,255
884,Light lime,#AEFD6C,174,253,108
885,Light lime green,#B9FF66,185,255,102
886,Light magenta,#FA5FF7,250,95,247
887,Light maroon,#A24857,162,72,87
888,Light mauve,#C292A1,194,146,161
889,Light medium orchid,#D39BCB,211,155,203
890,Light mint,#B6FFBB,182,255,187
891,Light mint green,#A6FBB2,166,251,178
892,Light moss green,#ADDFAD,173,223,173
893,Light mustard,#F7D560,247,213,96
894,Light navy,#155084,21,80,132
895,Light navy blue,#2E5A88,46,90,136
896,Light neon green,#4EFD54,78,253,84
897,Light olive,#ACBF69,172,191,105
898,Light olive green,#A4BE5C,164,190,92
899,Light orange,#FDAA48,253,170,72
900,Light orchid,#E6A8D7,230,168,215
901,Light pastel green,#B2FBA5,178,251,165
902,Light pastel purple,#B19CD9,177,156,217
903,Light pea green,#C4FE82,196,254,130
904,Light peach,#FFD8B1,255,216,177
905,Light periwinkle,#C1C6FC,193,198,252
906,Light pink,#FFB6C1,255,182,193
907,Light plum,#9D5783,157,87,131
908,Light purple,#BF77F6,191,119,246
909,Light red,#FF474C,255,71,76
910,Light rose,#FFC5CB,255,197,203
911,Light royal blue,#3A2EFE,58,46,254
912,Light sage,#BCECAC,188,236,172
913,Light salmon,#FFA07A,255,160,122
914,Light salmon pink,#FF9999,255,153,153
915,Light sea green,#20B2AA,32,178,170
916,Light seafoam,#A0FEBF,160,254,191
917,Light seafoam green,#A7FFB5,167,255,181
918,Light sky blue,#87CEFA,135,206,250
919,Light slate gray,#778899,119,136,153
920,Light steel blue,#B0C4DE,176,196,222
921,Light taupe,#B38B6D,179,139,109
922,Light teal,#90E4C1,144,228,193
923,Light turquoise,#7EF4CC,126,244,204
924,Light urple,#B36FF6,179,111,246
925,Light violet,#D6B4FC,214,180,252
926,Light yellow,#FFFFE0,255,255,224
927,Light yellow green,#CCFD7F,204,253,127
928,Light yellowish green,#C2FF89,194,255,137
929,Lightblue,#7BC8F6,123,200,246
930,Lighter green,#75FD63,117,253,99
931,Lighter purple,#A55AF4,165,90,244
932,Lightgreen,#76FF7B,118,255,123
933,Lightish blue,#3D7AFD,61,122,253
934,Lightish green,#61E160,97,225,96
935,Lightish purple,#A552E6,165,82,230
936,Lightish red,#FE2F4A,254,47,74
937,Lilac,#C8A2C8,200,162,200
938,Lilac Luster,#AE98AA,174,152,170
939,Liliac,#C48EFD,196,142,253
940,Lime green,#32CD32,50,205,50
941,Lime yellow,#D0FE1D,208,254,29
942,Limerick,#9DC209,157,194,9
943,Lincoln green,#195905,25,89,5
944,Linen,#FAF0E6,250,240,230
945,Lipstick,#D5174E,213,23,78
946,Lipstick red,#C0022F,192,2,47
947,Little boy blue,#6CA0DC,108,160,220
948,Liver,#674C47,103,76,71
949,Liver (dogs),#B86D29,184,109,41
950,Liver (organ),#6C2E1F,108,46,31
951,Liver chestnut,#987456,152,116,86
952,Loeen look/vomit,#15F2FD,123,154,200
953,Lumber,#FFE4CD,255,228,205
954,Lust,#E62020,230,32,32
955,MSU Green,#18453B,24,69,59
956,Maastricht Blue,#001C3D,0,28,61
957,Macaroni and Cheese,#FFBD88,255,189,136
958,Madder Lake,#CC3336,204,51,54
959,Magenta (Pantone),#D0417E,208,65,126
960,Magenta (dye),#CA1F7B,202,31,123
961,Magenta (process),#FF0090,255,0,144
962,Magenta haze,#9F4576,159,69,118
963,Magenta-pink,#CC338B,204,51,139
964,Magic Potion,#FF4466,255,68,102
965,Magic mint,#AAF0D1,170,240,209
966,Magnolia,#F8F4FF,248,244,255
967,Mahogany,#C04000,192,64,0
968,Maize,#F4D054,244,208,84
969,Majorelle Blue,#6050DC,96,80,220
970,Malachite,#0BDA51,11,218,81
971,Manatee,#979AAA,151,154,170
972,Mandarin,#F37A48,243,122,72
973,Mango Tango,#FF8243,255,130,67
974,Manilla,#FFFA86,255,250,134
975,Mantis,#74C365,116,195,101
976,Mardi Gras,#880085,136,0,133
977,Marigold,#EAA221,234,162,33
978,Maroon (HTML/CSS),#800000,128,0,0
979,Maroon (X11),#B03060,176,48,96
980,Mauve,#E0B0FF,224,176,255
981,Mauve taupe,#915F6D,145,95,109
982,Mauvelous,#EF98AA,239,152,170
983,Maximum Blue,#47ABCC,71,171,204
984,Maximum Blue Green,#30BFBF,48,191,191
985,Maximum Blue Purple,#ACACE6,172,172,230
986,Maximum Green,#5E8C31,94,140,49
987,Maximum Green Yellow,#D9E650,217,230,80
988,Maximum Purple,#733380,115,51,128
989,Maximum Red,#D92121,217,33,33
990,Maximum Red Purple,#A63A79,166,58,121
991,Maximum Yellow,#FAFA37,250,250,55
992,Maximum Yellow Red,#F2BA49,242,186,73
993,May green,#4C9141,76,145,65
994,Maya blue,#73C2FB,115,194,251
995,Meat brown,#E5B73B,229,183,59
996,Medium Persian blue,#0067A5,0,103,165
997,Medium aquamarine,#66DDAA,102,221,170
998,Medium blue,#0000CD,0,0,205
999,Medium brown,#7F5112,127,81,18
1000,Medium candy apple red,#E2062C,226,6,44
1001,Medium carmine,#AF4035,175,64,53
1002,Medium champagne,#F3E5AB,243,229,171
1003,Medium electric blue,#035096,3,80,150
1004,Medium green,#39AD48,57,173,72
1005,Medium grey,#7D7F7C,125,127,124
1006,Medium jungle green,#1C352D,28,53,45
1007,Medium lavender magenta,#DDA0DD,221,160,221
1008,Medium orchid,#BA55D3,186,85,211
1009,Medium pink,#F36196,243,97,150
1010,Medium purple,#9370DB,147,112,219
1011,Medium red-violet,#BB3385,187,51,133
1012,Medium ruby,#AA4069,170,64,105
1013,Medium sea green,#3CB371,60,179,113
1014,Medium sky blue,#80DAEB,128,218,235
1015,Medium slate blue,#7B68EE,123,104,238
1016,Medium spring bud,#C9DC87,201,220,135
1017,Medium spring green,#00FA9A,0,250,154
1018,Medium turquoise,#48D1CC,72,209,204
1019,Medium vermilion,#D9603B,217,96,59
1020,Medium violet-red,#C71585,199,21,133
1021,Mellow apricot,#F8B878,248,184,120
1022,Melon,#FDBCB4,253,188,180
1023,Merlot,#730039,115,0,57
1024,Metallic Seaweed,#0A7E8C,10,126,140
1025,Metallic Sunburst,#9C7C38,156,124,56
1026,Metallic blue,#4F738E,79,115,142
1027,Mexican pink,#E4007C,228,0,124
1028,Mid blue,#276AB3,39,106,179
1029,Mid green,#50A747,80,167,71
1030,Middle Blue,#7ED4E6,126,212,230
1031,Middle Blue Green,#8DD9CC,141,217,204
1032,Middle Blue Purple,#8B72BE,139,114,190
1033,Middle Green,#4D8C57,77,140,87
1034,Middle Green Yellow,#ACBF60,172,191,96
1035,Middle Purple,#D982B5,217,130,181
1036,Middle Red,#E58E73,229,144,115
1037,Middle Red Purple,#210837,33,8,55
1038,Middle Red Purple,#A55353,0,83,83
1039,Middle Yellow,#FFEB00,255,235,0
1040,Middle Yellow Red,#ECB176,166,58,121
1041,Midnight,#702670,112,38,112
1042,Midnight blue,#191970,25,25,112
1043,Midnight green (eagle green),#004953,0,73,83
1044,Midnight purple,#280137,40,1,55
1045,Mikado yellow,#FFC40C,255,196,12
1046,Military green,#667C3E,102,124,62
1047,Milk,#FDFFF5,253,255,245
1048,Milk chocolate,#7F4E1E,127,78,30
1049,Mimi Pink,#FFDAE9,255,218,233
1050,Mindaro,#E3F988,227,249,136
1051,Ming,#36747D,54,116,125
1052,Minion Yellow,#F5E050,245,220,80
1053,Mint,#3EB489,62,180,137
1054,Mint cream,#F5FFFA,245,255,250
1055,Mint green,#98FF98,152,255,152
1056,Minty green,#0BF77D,11,247,125
1057,Misty Moss,#BBB477,187,180,119
1058,Misty rose,#FFE4E1,255,228,225
1059,Mocha,#9D7651,157,118,81
1060,Moonstone blue,#73A9C2,115,169,194
1061,Mordant red 19,#AE0C00,174,12,0
1062,Moss green,#8A9A5B,138,154,91
1063,Mossy green,#638B27,99,139,39
1064,Mountain Meadow,#30BA8F,48,186,143
1065,Mountbatten pink,#997A8D,153,122,141
1066,Mud,#735C12,115,92,18
1067,Mud brown,#60460F,96,70,15
1068,Mud green,#606602,96,102,2
1069,Muddy brown,#886806,136,104,6
1070,Muddy green,#657432,101,116,50
1071,Muddy yellow,#BFAC05,191,172,5
1072,Mughal green,#306030,48,96,48
1073,Mulberry,#C54B8C,197,75,140
1074,Murky green,#6C7A0E,108,122,14
1075,Mushroom,#BA9E88,186,158,136
1076,Mustard,#FFDB58,255,219,88
1077,Mustard brown,#AC7E04,172,126,4
1078,Mustard green,#A8B504,168,181,4
1079,Mustard yellow,#D2BD0A,210,189,10
1080,Muted blue,#3B719F,59,113,159
1081,Muted green,#5FA052,95,160,82
1082,Muted pink,#D1768F,209,118,143
1083,Muted purple,#805B87,128,91,135
1084,Myrtle green,#317873,49,120,115
1085,Mystic,#D65282,214,82,130
1086,Mystic Maroon,#AD4379,173,67,121
1087,Nadeshiko pink,#F6ADC6,246,173,198
1088,Napier green,#2A8000,42,128,0
1089,Naples yellow,#FADA5E,250,218,94
1090,Nasty green,#70B23F,112,178,63
1091,Navajo white,#FFDEAD,255,222,173
1092,Navy,#000080,0,0,128
1093,Navy green,#35530A,53,83,10
1094,Neon Carrot,#FFA343,255,163,67
1095,Neon blue,#04D9FF,4,217,255
1096,Neon fuchsia,#FE4164,254,65,100
1097,Neon green,#39FF14,57,255,20
1098,Neon pink,#FE019A,254,1,154
1099,Neon purple,#BC13FE,188,19,254
1100,Neon red,#FF073A,255,7,58
1101,Neon yellow,#CFFF04,207,255,4
1102,New Car,#214FC6,33,79,198
1103,New York pink,#D7837F,215,131,127
1104,Nice blue,#107AB0,16,122,176
1105,Nickel,#727472,114,116,114
1106,Non-photo blue,#A4DDED,164,221,237
1107,North Texas Green,#059033,5,144,51
1108,Nyanza,#E9FFDB,233,255,219
1109,Ocean Blue,#4F42B5,79,66,181
1110,Ocean Boat Blue,#0077BE,0,119,190
1111,Ocean Green,#48BF91,72,191,145
1112,Ocher,#BF9B0C,191,155,12
1113,Ochre,#CC7722,204,119,34
1114,Ocre,#C69C04,198,156,4
1115,Off blue,#5684AE,86,132,174
1116,Off green,#6BA353,107,163,83
1117,Off white,#FFFFE4,255,255,228
1118,Off yellow,#F1F33F,241,243,63
1119,Ogre Odor,#FD5240,253,82,64
1120,Old burgundy,#43302E,67,48,46
1121,Old gold,#CFB53B,207,181,59
1122,Old lace,#FDF5E6,253,245,230
1123,Old lavender,#796878,121,104,120
1124,Old mauve,#673147,103,49,71
1125,Old moss green,#867E36,134,126,54
1126,Old pink,#C77986,199,121,134
1127,Old rose,#C08081,192,128,129
1128,Olive Drab #7,#3C341F,60,52,31
1129,Olive Drab (#3),#6B8E23,107,142,35
1130,Olive brown,#645403,100,84,3
1131,Olive yellow,#C2B709,194,183,9
1132,Olivine,#9AB973,154,185,115
1133,Onyx,#353839,53,56,57
1134,Opera mauve,#B784A7,183,132,167
1135,Orange (Crayola),#FF7538,255,117,56
1136,Orange (Pantone),#FF5800,255,88,0
1137,Orange (RYB),#FB9902,251,153,2
1138,Orange (color wheel),#FF7F00,255,127,0
1139,Orange (web),#FFA500,255,165,0
1140,Orange Soda,#FA5B3D,250,91,61
1141,Orange brown,#BE6400,190,100,0
1142,Orange peel,#FF9F00,255,159,0
1143,Orange pink,#FF6F52,255,111,82
1144,Orange red,#FD411E,253,65,30
1145,Orange yellow,#FFAD01,255,173,1
1146,Orange-red,#FF4500,255,69,0
1147,Orange-yellow,#F8D568,248,213,104
1148,Orangeish,#FD8D49,253,141,73
1149,Orangered,#FE420F,254,66,15
1150,Orangey brown,#B16002,177,96,2
1151,Orangey red,#FA4224,250,66,36
1152,Orangey yellow,#FDB915,253,185,21
1153,Orangish,#FC824A,252,130,74
1154,Orangish brown,#B25F03,178,95,3
1155,Orangish red,#F43605,244,54,5
1156,Orchid,#DA70D6,218,112,214
1157,Orchid pink,#F2BDCD,242,189,205
1158,Orioles orange,#FB4F14,251,79,20
1159,Outer Space,#414A4C,65,74,76
1160,Outrageous Orange,#FF6E4A,255,110,74
1161,Oxford Blue,#002147,0,33,71
1162,Pacific Blue,#1CA9C9,28,169,201
1163,Pakistan green,#006600,0,102,0
1164,Palatinate blue,#273BE2,39,59,226
1165,Palatinate purple,#682860,104,40,96
1166,Pale aqua,#B8FFEB,184,255,235
1167,Pale blue,#AFEEEE,175,238,238
1168,Pale brown,#987654,152,118,84
1169,Pale cerulean,#9BC4E2,155,196,226
1170,Pale chestnut,#DDADAF,221,173,175
1171,Pale cornflower blue,#ABCDEF,171,205,239
1172,Pale cyan,#87D3F8,135,211,248
1173,Pale gold,#E6BE8A,230,190,138
1174,Pale goldenrod,#EEE8AA,238,232,170
1175,Pale green,#98FB98,152,251,152
1176,Pale grey,#FDFDFE,253,253,254
1177,Pale lavender,#DCD0FF,220,208,255
1178,Pale light green,#B1FC99,177,252,153
1179,Pale lilac,#E4CBFF,228,203,255
1180,Pale lime,#BEFD73,190,253,115
1181,Pale lime green,#B1FF65,177,255,101
1182,Pale magenta,#F984E5,249,132,229
1183,Pale magenta-pink,#FF99CC,255,153,204
1184,Pale mauve,#FED0FC,254,208,252
1185,Pale olive,#B9CC81,185,204,129
1186,Pale olive green,#B1D27B,177,210,123
1187,Pale peach,#FFE5AD,255,229,173
1188,Pale pink,#FADADD,250,218,221
1189,Pale purple,#B790D4,183,144,212
1190,Pale red-violet,#DB7093,219,112,147
1191,Pale robin egg blue,#96DED1,150,222,209
1192,Pale rose,#FDC1C5,253,193,197
1193,Pale salmon,#FFB19A,255,177,154
1194,Pale silver,#C9C0BB,201,192,187
1195,Pale sky blue,#BDF6FE,189,246,254
1196,Pale spring bud,#ECEBBD,236,235,189
1197,Pale taupe,#BC987E,188,152,126
1198,Pale teal,#82CBB2,130,203,178
1199,Pale turquoise,#A5FBD5,165,251,213
1200,Pale violet,#CC99FF,204,153,255
1201,Palm Leaf,#6F9940,130,142,132
1202,Pansy purple,#78184A,120,24,74
1203,Paolo Veronese green,#009B7D,0,155,125
1204,Papaya whip,#FFEFD5,255,239,213
1205,Paradise pink,#E63E62,230,62,98
1206,Parchment,#FEFCAF,254,252,175
1207,Parrot Pink,#D998A0,217,152,160
1208,Pastel blue,#AEC6CF,174,198,207
1209,Pastel brown,#836953,130,105,83
1210,Pastel gray,#CFCFC4,207,207,196
1211,Pastel green,#77DD77,119,221,119
1212,Pastel magenta,#F49AC2,244,154,194
1213,Pastel orange,#FFB347,255,179,71
1214,Pastel pink,#DEA5A4,222,165,164
1215,Pastel purple,#B39EB5,179,158,181
1216,Pastel red,#FF6961,255,105,97
1217,Pastel violet,#CB99C9,203,153,201
1218,Pastel yellow,#FDFD96,253,253,150
1219,Patriarch,#800080,128,0,128
1220,Pea green,#8EAB12,142,171,18
1221,Pea soup,#929901,146,153,1
1222,Pea soup green,#94A617,148,166,23
1223,Peach,#FFE5B4,255,229,180
1224,Peach puff,#FFDAB9,255,218,185
1225,Peach-orange,#FFCC99,255,204,153
1226,Peach-yellow,#FADFAD,250,223,173
1227,Peachy pink,#FF9A8A,255,154,138
1228,Peacock blue,#016795,1,103,149
1229,Pear,#D1E231,209,226,49
1230,Pearl,#EAE0C8,234,224,200
1231,Pearl Aqua,#88D8C0,136,216,192
1232,Pearly purple,#B768A2,183,104,162
1233,Peridot,#E6E200,230,226,0
1234,Periwinkle,#8E82FE,142,130,254
1235,Periwinkle blue,#8F99FB,143,153,251
1236,Permanent Geranium Lake,#E12C2C,225,44,44
1237,Perrywinkle,#8F8CE7,143,140,231
1238,Persian blue,#1C39BB,28,57,187
1239,Persian green,#00A693,0,166,147
1240,Persian indigo,#32127A,50,18,122
1241,Persian orange,#D99058,217,144,88
1242,Persian pink,#F77FBE,247,127,190
1243,Persian plum,#701C1C,112,28,28
1244,Persian red,#CC3333,204,51,51
1245,Persian rose,#FE28A2,254,40,162
1246,Persimmon,#EC5800,236,88,0
1247,Peru,#CD853F,205,133,63
1248,Petrol,#005F6A,0,95,106
1249,Pewter Blue,#8BA8B7,139,168,183
1250,Phlox,#DF00FF,223,0,255
1251,Phthalo blue,#000F89,0,15,137
1252,Phthalo green,#123524,18,53,36
1253,Picton blue,#45B1E8,69,177,232
1254,Pictorial carmine,#C30B4E,195,11,78
1255,Pig pink,#E78EA5,231,142,165
1256,Piggy pink,#FDDDE6,253,221,230
1257,Pine green,#01796F,1,121,111
1258,Pink,#FFC0CB,255,192,203
1259,Pink (Pantone),#D74894,215,72,148
1260,Pink Flamingo,#FC74FD,252,116,253
1261,Pink Sherbet,#F78FA7,247,143,167
1262,Pink lace,#FFDDF4,255,221,244
1263,Pink lavender,#D8B2D1,216,178,209
1264,Pink pearl,#E7ACCF,231,172,207
1265,Pink purple,#DB4BDA,219,75,218
1266,Pink raspberry,#980036,152,0,54
1267,Pink red,#F5054F,245,5,79
1268,Pinkish,#D46A7E,212,106,126
1269,Pinkish brown,#B17261,177,114,97
1270,Pinkish grey,#C8ACA9,200,172,169
1271,Pinkish orange,#FF724C,255,114,76
1272,Pinkish purple,#D648D7,214,72,215
1273,Pinkish red,#F10C45,241,12,69
1274,Pinkish tan,#D99B82,217,155,130
1275,Pinky,#FC86AA,252,134,170
1276,Pinky purple,#C94CBE,201,76,190
1277,Pinky red,#FC2647,252,38,71
1278,Piss yellow,#DDD618,221,214,24
1279,Pistachio,#93C572,147,197,114
1280,Pixie Powder,#391285,57,18,133
1281,Platinum,#E5E4E2,229,228,226
1282,Plum,#8E4585,142,69,133
1283,Plum purple,#4E0550,78,5,80
1284,Plump Purple,#5946B2,89,70,178
1285,Poison green,#40FD14,64,253,20
1286,Polished Pine,#5DA493,93,164,147
1287,Poo brown,#885F01,136,95,1
1288,Poop,#7F5E00,127,94,0
1289,Poop brown,#7A5901,122,89,1
1290,Poop green,#6F7C00,111,124,0
1291,Popstar,#BE4F62,190,79,98
1292,Portland Orange,#FF5A36,255,90,54
1293,Powder blue,#B0E0E6,176,224,230
1294,Powder pink,#FFB2D0,255,178,208
1295,Primary blue,#0804F9,8,4,249
1296,Princess Perfume,#FF85CF,255,133,207
1297,Princeton orange,#F58025,245,128,37
1298,Prussian blue,#003153,0,49,83
1299,Puce,#CC8899,204,136,153
1300,Puce red,#722F37,114,47,55
1301,Puke,#A5A502,165,165,2
1302,Puke brown,#947706,148,119,6
1303,Puke green,#9AAE07,154,174,7
1304,Puke yellow,#C2BE0E,194,190,14
1305,Pullman Brown (UPS Brown),#644117,100,65,23
1306,Pullman Green,#3B331C,59,51,28
1307,Pumpkin,#FF7518,255,117,24
1308,Pumpkin orange,#FB7D07,251,125,7
1309,Pure blue,#0203E2,2,3,226
1310,Purple (Munsell),#9F00C5,159,0,197
1311,Purple (X11),#A020F0,160,32,240
1312,Purple Heart,#69359C,105,53,156
1313,Purple Plum,#9C51B6,156,81,182
1314,Purple blue,#632DE9,99,45,233
1315,Purple brown,#673A3F,103,58,63
1316,Purple grey,#866F85,134,111,133
1317,Purple mountain majesty,#9678B6,150,120,182
1318,Purple navy,#4E5180,78,81,128
1319,Purple pink,#E03FD8,224,63,216
1320,Purple pizzazz,#FE4EDA,254,78,218
1321,Purple red,#990147,153,1,71
1322,Purple taupe,#50404D,80,64,77
1323,Purpleish,#98568D,152,86,141
1324,Purpleish blue,#6140EF,97,64,239
1325,Purpleish pink,#DF4EC8,223,78,200
1326,Purpley,#8756E4,135,86,228
1327,Purpley blue,#5F34E7,95,52,231
1328,Purpley grey,#947E94,148,126,148
1329,Purpley pink,#C83CB9,200,60,185
1330,Purplish,#94568C,148,86,140
1331,Purplish blue,#601EF9,96,30,249
1332,Purplish brown,#6B4247,107,66,71
1333,Purplish grey,#7A687F,122,104,127
1334,Purplish pink,#CE5DAE,206,93,174
1335,Purplish red,#B0054B,176,5,75
1336,Purply,#983FB2,152,63,178
1337,Purply blue,#661AEE,102,26,238
1338,Purply pink,#F075E6,240,117,230
1339,Purpureus,#9A4EAE,154,78,174
1340,Putty,#BEAE8A,190,174,138
1341,Quartz,#51484F,81,72,79
1342,Queen blue,#436B95,67,107,149
1343,Queen pink,#E8CCD7,232,204,215
1344,Quick Silver,#A6A6A6,166,166,166
1345,Quinacridone magenta,#8E3A59,142,58,89
1346,Radical Red,#FF355E,255,53,94
1347,Radioactive green,#2CFA1F,44,250,31
1348,Raisin black,#242124,36,33,36
1349,Rajah,#FBAB60,251,171,96
1350,Raspberry,#E30B5D,227,11,92
1351,Raspberry pink,#E25098,226,80,152
1352,Raw Sienna,#D68A59,214,138,89
1353,Raw umber,#826644,130,102,68
1354,Razzle dazzle rose,#FF33CC,255,51,204
1355,Razzmatazz,#E3256B,227,37,107
1356,Razzmic Berry,#8D4E85,141,78,133
1357,Really light blue,#D4FFFF,212,255,255
1358,Rebecca Purple,#663399,102,52,153
1359,Red,#FF0000,255,0,0
1360,Red (Crayola),#EE204D,238,32,77
1361,Red (Munsell),#F2003C,242,0,60
1362,Red (NCS),#C40233,196,2,51
1363,Red (RYB),#FE2712,254,39,18
1364,Red (pigment),#ED1C24,237,28,36
1365,Red Salsa,#FD3A4A,253,58,74
1366,Red brown,#8B2E16,139,46,22
1367,Red devil,#860111,134,1,17
1368,Red orange,#FD3C06,253,60,6
1369,Red pink,#FA2A55,250,42,85
1370,Red violet,#9E0168,158,1,104
1371,Red wine,#8C0034,140,0,52
1372,Red-orange,#FF5349,255,83,73
1373,Red-purple,#E40078,228,0,120
1374,Reddish,#C44240,196,66,64
1375,Reddish brown,#7F2B0A,127,43,10
1376,Reddish grey,#997570,153,117,112
1377,Reddish orange,#F8481C,248,72,28
1378,Reddish pink,#FE2C54,254,44,84
1379,Reddish purple,#910951,145,9,81
1380,Reddy brown,#6E1005,110,16,5
1381,Redwood,#A45A52,164,90,82
1382,Regalia,#522D80,82,45,128
1383,Resolution blue,#002387,0,35,135
1384,Rhythm,#777696,119,118,150
1385,Rich black,#004040,0,64,64
1386,Rich black (FOGRA29),#010B13,1,11,19
1387,Rich black (FOGRA39),#010203,1,2,3
1388,Rich blue,#021BF9,2,27,249
1389,Rich brilliant lavender,#F1A7FE,241,167,254
1390,Rich electric blue,#0892D0,8,146,208
1391,Rich lavender,#A76BCF,167,107,207
1392,Rich lilac,#B666D2,182,102,210
1393,Rich purple,#720058,114,0,88
1394,Rifle green,#444C38,68,76,56
1395,Robin egg blue,#00CCCC,0,204,204
1396,Rocket metallic,#8A7F80,138,127,128
1397,Roman silver,#838996,131,137,150
1398,Rosa,#FE86A4,254,134,164
1399,Rose Dust,#9E5E6F,158,94,111
1400,Rose bonbon,#F9429E,249,66,158
1401,Rose ebony,#674846,103,72,70
1402,Rose gold,#B76E79,183,110,121
1403,Rose pink,#FF66CC,255,102,204
1404,Rose red,#C21E56,194,30,86
1405,Rose taupe,#905D5D,144,93,93
1406,Rose vale,#AB4E52,171,78,82
1407,Rosewood,#65000B,101,0,11
1408,Rosso corsa,#D40000,212,0,0
1409,Rosy brown,#BC8F8F,188,143,143
1410,Rosy pink,#F6688E,246,104,142
1411,Rouge,#AB1239,171,18,57
1412,Royal azure,#0038A8,0,56,168
1413,Royal blue,#002366,0,35,102
1414,Royal blue,#4169E1,65,105,225
1415,Royal fuchsia,#CA2C92,202,44,146
1416,Royal purple,#7851A9,120,81,169
1417,Ruber,#CE4676,206,70,118
1418,Rubine red,#D10056,209,0,86
1419,Ruby,#E0115F,224,17,95
1420,Ruby red,#9B111E,155,17,30
1421,Ruddy,#FF0028,255,0,40
1422,Ruddy brown,#BB6528,187,101,40
1423,Ruddy pink,#E18E96,225,142,150
1424,Rufous,#A81C07,168,28,7
1425,Russet,#80461B,128,70,27
1426,Russian green,#679267,103,146,103
1427,Russian violet,#32174D,50,23,77
1428,Rust,#B7410E,183,65,14
1429,Rust brown,#8B3103,139,49,3
1430,Rust orange,#C45508,196,85,8
1431,Rust red,#AA2704,170,39,4
1432,Rusty orange,#CD5909,205,89,9
1433,Rusty red,#DA2C43,218,44,67
1434,Saddle brown,#8B4513,139,69,19
1435,Safety orange,#FF7800,255,120,0
1436,Safety orange (blaze orange),#FF6700,255,103,0
1437,Safety yellow,#EED202,238,210,2
1438,Saffron,#F4C430,244,196,48
1439,Sage,#BCB88A,188,184,138
1440,Sage green,#88B378,136,179,120
1441,Salmon,#FA8072,250,128,114
1442,Salmon pink,#FF91A4,255,145,164
1443,Sand brown,#CBA560,203,165,96
1444,Sand yellow,#FCE166,252,225,102
1445,Sandstone,#C9AE74,201,174,116
1446,Sandstorm,#ECD540,236,213,64
1447,Sandy Tan,#FDD9B5,253,217,181
1448,Sandy brown,#F4A460,244,164,96
1449,Sandy yellow,#FDEE73,253,238,115
1450,Sangria,#92000A,146,0,10
1451,Sap green,#507D2A,80,125,42
1452,Sapphire,#0F52BA,15,82,186
1453,Sasquatch Socks,#FF4681,255,70,129
1454,Satin sheen gold,#CBA135,203,161,53
1455,Scarlet,#FD0E35,253,14,53
1456,Scarlet,#FF2400,255,36,0
1457,School bus yellow,#FFD800,255,216,0
1458,Screamin' Green,#66FF66,102,255,102
1459,Sea Foam Green,#9FE2BF,195,226,191
1460,Sea Serpent,#4BC7CF,75,199,207
1461,Sea blue,#006994,0,105,148
1462,Sea green,#2E8B57,46,139,87
1463,Seafoam,#80F9AD,128,249,173
1464,Seafoam blue,#78D1B6,120,209,182
1465,Seafoam green,#7AF9AB,122,249,171
1466,Seal brown,#59260B,50,20,20
1467,Seashell,#FFF5EE,255,245,238
1468,Seaweed green,#35AD6B,53,173,107
1469,Selective yellow,#FFBA00,255,186,0
1470,Sepia,#704214,112,66,20
1471,Shadow,#8A795D,138,121,93
1472,Shadow blue,#778BA5,119,139,165
1473,Shampoo,#FFCFF1,255,207,241
1474,Shamrock green,#009E60,0,158,96
1475,Sheen Green,#8FD400,143,212,0
1476,Shimmering Blush,#D98695,217,134,149
1477,Shiny Shamrock,#5FA778,95,167,120
1478,Shit,#7F5F00,127,95,0
1479,Shit brown,#7B5804,123,88,4
1480,Shit green,#758000,117,128,0
1481,Shocking pink,#FC0FC0,252,15,192
1482,Shocking pink (Crayola),#FF6FFF,255,111,255
1483,Sick green,#9DB92C,157,185,44
1484,Sickly green,#94B21C,148,178,28
1485,Sickly yellow,#D0E429,208,228,41
1486,Silver,#C0C0C0,192,192,192
1487,Silver Lake blue,#5D89BA,93,137,186
1488,Silver chalice,#ACACAC,172,172,172
1489,Silver pink,#C4AEAD,196,174,173
1490,Silver sand,#BFC1C2,191,193,194
1491,Sinopia,#CB410B,203,65,11
1492,Sizzling Red,#FF3855,255,56,85
1493,Sizzling Sunrise,#FFDB00,255,219,0
1494,Skobeloff,#007474,0,116,116
1495,Sky blue,#87CEEB,135,206,235
1496,Sky magenta,#CF71AF,207,113,175
1497,Slate blue,#6A5ACD,106,90,205
1498,Slate gray,#708090,112,128,144
1499,Slate green,#658D6D,101,141,109
1500,Slate grey,#59656D,89,101,109
1501,Slime green,#99CC04,153,204,4
1502,Slimy Green,#299617,41,150,23
1503,Smashed Pumpkin,#FF6D3A,255,109,58
1504,Smitten,#C84186,200,65,134
1505,Smoke,#738276,115,130,118
1506,Smokey Topaz,#832A0D,131,42,34
1507,Smoky Topaz,#933D41,147,61,65
1508,Smoky black,#100C08,16,12,8
1509,Snot,#ACBB0D,172,187,13
1510,Snot green,#9DC100,157,193,0
1511,Snow,#FFFAFA,255,250,250
1512,Soap,#CEC8EF,206,200,239
1513,Soft blue,#6488EA,100,136,234
1514,Soft green,#6FC276,111,194,118
1515,Soft pink,#FDB0C0,253,176,192
1516,Soft purple,#A66FB5,166,111,181
1517,Solid pink,#893843,137,56,67
1518,Sonic silver,#757575,117,117,117
1519,Space cadet,#1D2951,29,41,81
1520,Spanish bistre,#807532,128,117,50
1521,Spanish blue,#0070B8,0,112,184
1522,Spanish carmine,#D10047,209,0,71
1523,Spanish crimson,#E51A4C,229,26,76
1524,Spanish gray,#989898,152,152,152
1525,Spanish green,#009150,0,145,80
1526,Spanish orange,#E86100,232,97,0
1527,Spanish pink,#F7BFBE,247,191,190
1528,Spanish red,#E60026,230,0,38
1529,Spanish violet,#4C2882,76,40,130
1530,Spanish viridian,#007F5C,0,127,92
1531,Spartan Crimson,#9E1316,158,19,22
1532,Spearmint,#1EF876,30,248,118
1533,Spicy mix,#8B5f4D,139,95,77
1534,Spiro Disco Ball,#0FC0FC,15,192,252
1535,Spring Frost,#87FF2A,135,255,42
1536,Spring bud,#A7FC00,167,252,0
1537,Spruce,#0A5F38,10,95,56
1538,Squash,#F2AB15,242,171,21
1539,St. Patrick's blue,#23297A,35,41,122
1540,Star command blue,#007BB8,0,123,184
1541,Steel Teal,#5F8A8B,95,138,139
1542,Steel blue,#4682B4,70,130,180
1543,Steel grey,#6F828A,111,130,138
1544,Steel pink,#CC33CC,204,51,204
1545,Stormcloud,#4F666A,79,102,106
1546,Stormy blue,#507B9C,80,123,156
1547,Straw,#E4D96F,228,217,111
1548,Strawberry,#FC5A8D,252,90,141
1549,Strong blue,#0C06F7,12,6,247
1550,Strong pink,#FF0789,255,7,137
1551,Sugar Plum,#914E75,145,78,117
1552,Sun yellow,#FFDF22,255,223,34
1553,Sunburnt Cyclops,#FF404C,255,64,76
1554,Sunflower,#FFC512,255,197,18
1555,Sunflower yellow,#FFDA03,255,218,3
1556,Sunglow,#FFCC33,255,204,51
1557,Sunny,#F2F27A,242,242,122
1558,Sunny yellow,#FFF917,255,249,23
1559,Sunray,#E3AB57,227,171,87
1560,Sunset orange,#FD5E53,253,94,83
1561,Sunshine yellow,#FFFD37,255,253,55
1562,Super pink,#CF6BA9,207,107,169
1563,Swamp,#698339,105,131,57
1564,Swamp green,#748500,116,133,0
1565,Sweet Brown,#A83731,168,55,49
1566,Tan,#D2B48C,210,180,140
1567,Tan brown,#AB7E4C,171,126,76
1568,Tangelo,#F94D00,249,77,0
1569,Tangerine,#F28500,242,133,0
1570,Tangerine yellow,#FFCC00,255,204,0
1571,Tart Orange,#FB4D46,251,77,70
1572,Taupe gray,#8B8589,139,133,137
1573,Tea green,#D0F0C0,208,240,192
1574,Teal,#008080,0,128,128
1575,Teal blue,#367588,54,117,136
1576,Teal deer,#99E6B3,153,230,179
1577,Teal green,#00827F,0,130,127
1578,Tealish,#24BCA8,36,188,168
1579,Tealish green,#0CDC73,12,220,115
1580,Telemagenta,#CF3476,207,52,118
1581,Tenné (tawny),#CD5700,205,87,0
1582,Terra cotta,#E2725B,226,114,91
1583,Terracota,#CB6843,203,104,67
1584,Terracotta,#CA6641,202,102,65
1585,Thistle,#D8BFD8,216,191,216
1586,Tickle Me Pink,#FC89AC,252,137,172
1587,Tiffany Blue,#0ABAB5,10,186,181
1588,Tiger's eye,#E08D3C,224,141,60
1589,Timberwolf,#DBD7D2,219,215,210
1590,Titanium yellow,#EEE600,238,230,0
1591,Tomato,#FF6347,255,99,71
1592,Tomato red,#EC2D01,236,45,1
1593,Toolbox,#746CC0,116,108,192
1594,Topaz,#FFC87C,255,200,124
1595,Toupe,#C7AC7D,199,172,125
1596,Toxic green,#61DE2A,97,222,42
1597,Tree green,#2A7E19,42,126,25
1598,Tropical rain forest,#00755E,0,117,94
1599,Tropical violet,#CDA4DE,205,164,222
1600,True Blue,#0073CF,0,115,207
1601,True green,#089404,8,148,4
1602,Tufts Blue,#3E8EDE,62,142,222
1603,Tulip,#FF878D,255,135,141
1604,Tumbleweed,#DEAA88,222,170,136
1605,Turkish rose,#B57281,181,114,129
1606,Turquoise,#40E0D0,64,224,208
1607,Turquoise Surf,#00C5CD,0,197,205
1608,Turquoise blue,#00FFEF,0,255,239
1609,Turquoise green,#A0D6B4,160,214,180
1610,Turtle green,#75B84F,117,184,79
1611,Tuscan red,#7C4848,124,72,72
1612,Tuscany,#C09999,192,153,153
1613,Twilight blue,#0A437A,10,67,122
1614,Twilight lavender,#8A496B,138,73,107
1615,UA blue,#0033AA,0,51,170
1616,UA red,#D9004C,217,0,76
1617,UCLA Blue,#536895,83,104,149
1618,UCLA Gold,#FFB300,255,179,0
1619,UFO Green,#3CD070,60,208,112
1620,UP Maroon,#7B1113,123,17,19
1621,USAFA blue,#004F98,0,79,152
1622,Ube,#8878C3,136,120,195
1623,Ugly blue,#31668A,49,102,138
1624,Ugly brown,#7D7103,125,113,3
1625,Ugly green,#7A9703,122,151,3
1626,Ugly pink,#CD7584,205,117,132
1627,Ugly purple,#A442A0,164,66,160
1628,Ugly yellow,#D0C101,208,193,1
1629,Ultra red,#FC6C85,252,108,133
1630,Ultramarine blue,#4166F5,65,102,245
1631,Umber,#635147,99,81,71
1632,Unbleached silk,#FFDDCA,255,221,202
1633,United Nations blue,#5B92E5,91,146,229
1634,University of California Gold,#B78727,183,135,39
1635,University of Tennessee Orange,#F77F00,247,127,0
1636,Upsdell red,#AE2029,174,32,41
1637,Urobilin,#E1AD21,225,173,33
1638,Utah Crimson,#D3003F,211,0,63
1639,Van Dyke Brown,#664228,102,66,40
1640,Vanilla ice,#F38FA9,243,143,169
1641,Vegas gold,#C5B358,197,179,88
1642,Velvet,#750851,117,8,81
1643,Venetian red,#C80815,200,8,21
1644,Verdigris,#43B3AE,67,179,174
1645,Vermilion,#D9381E,217,56,30
1646,Very dark blue,#000133,0,1,51
1647,Very dark brown,#1D0200,29,2,0
1648,Very dark green,#062E03,6,46,3
1649,Very dark purple,#2A0134,42,1,52
1650,Very light azure,#74BBFB,116,187,251
1651,Very light blue,#6666FF,102,102,255
1652,Very light brown,#D3B683,211,182,131
1653,Very light green,#D1FFBD,209,255,189
1654,Very light malachite green,#64E986,100,233,134
1655,Very light pink,#FFF4F2,255,244,242
1656,Very light purple,#F6CEFC,246,206,252
1657,Very light tangelo,#FFB077,255,176,119
1658,Very pale blue,#D6FFFE,214,255,254
1659,Very pale green,#CFFDBC,207,253,188
1660,Very pale orange,#FFDFBF,255,223,191
1661,Very pale yellow,#FFFFBF,255,255,191
1662,Vibrant blue,#0339F8,3,57,248
1663,Vibrant green,#0ADD08,10,221,8
1664,Vibrant purple,#AD03DE,173,3,222
1665,Violet (RYB),#8601AF,134,1,175
1666,Violet (color wheel),#7F00FF,127,0,255
1667,Violet blue,#510AC9,81,10,201
1668,Violet pink,#FB5FFC,251,95,252
1669,Violet red,#A50055,165,0,85
1670,Violet-blue,#324AB2,50,74,178
1671,Violet-red,#F75394,247,83,148
1672,Viridian green,#009698,0,150,152
1673,Vista blue,#7C9ED9,124,158,217
1674,Vivid amber,#CC9900,204,153,0
1675,Vivid auburn,#922724,146,39,36
1676,Vivid blue,#152EFF,21,46,255
1677,Vivid burgundy,#9F1D35,159,29,53
1678,Vivid cerise,#DA1D81,218,29,129
1679,Vivid cerulean,#00AAEE,0,170,238
1680,Vivid crimson,#CC0033,204,0,51
1681,Vivid gamboge,#FF9900,255,153,0
1682,Vivid green,#2FEF10,47,239,16
1683,Vivid lime green,#A6D608,166,214,8
1684,Vivid malachite,#00CC33,0,204,51
1685,Vivid mulberry,#B80CE3,184,12,227
1686,Vivid orange,#FF5F00,255,95,0
1687,Vivid orange peel,#FFA000,255,160,0
1688,Vivid orchid,#CC00FF,204,0,255
1689,Vivid purple,#9900FA,153,0,250
1690,Vivid raspberry,#FF006C,255,0,108
1691,Vivid red,#F70D1A,247,13,26
1692,Vivid red-tangelo,#DF6124,223,97,36
1693,Vivid sky blue,#00CCFF,0,204,255
1694,Vivid tangelo,#F07427,240,116,39
1695,Vivid tangerine,#FFA089,255,160,137
1696,Vivid vermilion,#E56024,229,96,36
1697,Vivid violet,#9F00FF,159,0,255
1698,Vivid yellow,#FFE302,255,227,2
1699,Volt,#CEFF00,205,255,0
1700,Vomit green,#89A203,137,162,3
1701,Vomit yellow,#C7C10C,199,193,12
1702,Wageningen Green,#34B233,52,178,51
1703,Warm black,#004242,0,66,66
1704,Warm blue,#4B57DB,75,87,219
1705,Warm brown,#964E02,150,78,2
1706,Warm grey,#978A84,151,138,132
1707,Warm pink,#FB5581,251,85,129
1708,Warm purple,#952E8F,149,46,143
1709,Washed out green,#BCF5A6,188,245,166
1710,Water blue,#0E87CC,14,135,204
1711,Watermelon,#FD4659,253,70,89
1712,Waterspout,#A4F4F9,164,244,249
1713,Weird green,#3AE57F,58,229,127
1714,Weldon Blue,#7C98AB,124,152,171
1715,Wenge,#645452,100,84,82
1716,Wheat,#F5DEB3,245,222,179
1717,White,#FFFFFF,255,255,255
1718,Wild Strawberry,#FF43A4,255,67,164
1719,Wild blue yonder,#A2ADD0,162,173,208
1720,Wild orchid,#D470A2,212,112,162
1721,Willpower orange,#FD5800,253,88,0
1722,Windows blue,#3778BF,55,120,191
1723,Windsor tan,#A75502,167,85,2
1724,Wine red,#7B0323,123,3,35
1725,Winter Sky,#FF007C,255,0,124
1726,Winter Wizard,#A0E6FF,160,230,255
1727,Wintergreen Dream,#56887D,86,136,125
1728,Wisteria,#C9A0DC,201,160,220
1729,Xanadu,#738678,115,134,120
1730,Yale Blue,#0F4D92,15,77,146
1731,Yankees blue,#1C2841,28,40,65
1732,Yellow,#FFFF00,255,255,0
1733,Yellow (Crayola),#FCE883,252,232,131
1734,Yellow (Munsell),#EFCC00,239,204,0
1735,Yellow (Pantone),#FEDF00,254,223,0
1736,Yellow (RYB),#FEFE33,254,254,51
1737,Yellow Orange,#FFAE42,255,174,66
1738,Yellow brown,#B79400,183,148,0
1739,Yellow green,#C0FB2D,192,251,45
1740,Yellow ochre,#CB9D06,203,157,6
1741,Yellow rose,#FFF000,255,240,0
1742,Yellow tan,#FFE36E,255,227,110
1743,Yellow-green,#9ACD32,154,205,50
1744,Yellowgreen,#BBF90F,187,249,15
1745,Yellowish,#FAEE66,250,238,102
1746,Yellowish brown,#9B7A01,155,122,1
1747,Yellowish green,#B0DD16,176,221,22
1748,Yellowish orange,#FFAB0F,255,171,15
1749,Yellowish tan,#FCFC81,252,252,129
1750,Yellowy brown,#AE8B0C,174,139,12
1751,Yellowy green,#BFF128,191,241,40
1752,Zaffre,#0014A8,0,20,168
1753,Zinnwaldite brown,#2C1608,44,22,8
1754,Zomp,#39A78E,57,167,142